"","BOX","year","fledglings","fledgling_mass","site","fledgling_massDev"
"1","M03",2023,0,0,"MEUDON",0
"2","MW01",2023,0,224.5,"MAWGAN",-85.6
"3","MW02",2020,0,372.9,"MAWGAN",0
"4","MW02",2021,0,547.1,"MAWGAN",0
"5","MW02",2022,0,676.5,"MAWGAN",0
"6","MW02",2023,2,705.8,"MAWGAN",395.7
"7","MW06",2023,0,0,"MAWGAN",-310.1
"8","X01",2014,1,208.3,"CAMPUS",-130.663636363636
"9","X01",2015,1,154.8,"CAMPUS",-217.111111111111
"10","X01",2016,2,276.3,"CAMPUS",-172.209090909091
"11","X01",2017,0,116.7,"CAMPUS",-175.681818181818
"12","X01",2019,0,0,"CAMPUS",-334.754545454545
"13","X18",2022,2,357.1,"CAMPUS",76.1928571428572
"14","X18",2023,0,257.9,"CAMPUS",-1.79285714285714
"15","X18",2024,0,0,"CAMPUS",0
"16","X20",2021,1,155.2,"CAMPUS",-48.9923076923077
"17","X20",2022,1,204.8,"CAMPUS",-76.1071428571428
"18","X20",2023,0,0,"CAMPUS",-259.692857142857
"19","X21",2020,0,406.7,"CAMPUS",113.658333333333
"20","X21",2021,2,448.9,"CAMPUS",244.707692307692
"21","X21",2022,1,186,"CAMPUS",-94.9071428571428
"22","X21",2023,0,133.7,"CAMPUS",-125.992857142857
"23","X22",2020,0,231.8,"CAMPUS",-61.2416666666667
"24","X22",2021,1,201.4,"CAMPUS",-2.79230769230767
"25","X22",2022,2,427.3,"CAMPUS",146.392857142857
"26","X22",2023,2,423.7,"CAMPUS",164.007142857143
"27","X23",2013,0,0,"CAMPUS",-112.833333333333
"28","X23",2016,0,0,"CAMPUS",-448.509090909091
"29","X23",2017,0,0,"CAMPUS",-292.381818181818
"30","X23",2018,2,398.9,"CAMPUS",42.08
"31","X23",2019,1,249.8,"CAMPUS",-84.9545454545454
"32","X23",2020,0,371.1,"CAMPUS",78.0583333333333
"33","X23",2021,0,0,"CAMPUS",-204.192307692308
"34","X23",2022,0,0,"CAMPUS",-280.907142857143
"35","X23",2023,2,411.1,"CAMPUS",151.407142857143
"36","X25",2013,1,176,"CAMPUS",63.1666666666667
"37","X25",2014,3,532.6,"CAMPUS",193.636363636364
"38","X25",2015,3,524.9,"CAMPUS",152.988888888889
"39","X25",2016,3,578.9,"CAMPUS",130.390909090909
"40","X25",2017,2,291.9,"CAMPUS",-0.481818181818198
"41","X25",2018,2,377.6,"CAMPUS",20.78
"42","X25",2019,2,398.3,"CAMPUS",63.5454545454545
"43","X25",2020,0,260.7,"CAMPUS",-32.3416666666667
"44","X25",2021,0,0,"CAMPUS",-204.192307692308
"45","X25",2022,2,428,"CAMPUS",147.092857142857
"46","X25",2023,2,517.2,"CAMPUS",257.507142857143
"47","X27",2014,2,397.2,"CAMPUS",58.2363636363636
"48","X27",2015,3,470,"CAMPUS",98.0888888888889
"49","X27",2016,4,626.9,"CAMPUS",178.390909090909
"50","X27",2017,1,235.7,"CAMPUS",-56.6818181818182
"51","X27",2018,3,632.2,"CAMPUS",275.38
"52","X27",2019,3,578.9,"CAMPUS",244.145454545455
"53","X27",2020,0,573.6,"CAMPUS",280.558333333333
"54","X27",2021,2,471.9,"CAMPUS",267.707692307692
"55","X27",2022,0,0,"CAMPUS",-280.907142857143
"56","X27",2023,2,408.8,"CAMPUS",149.107142857143
"57","X28",2014,0,0,"CAMPUS",-338.963636363636
"58","X31",2013,1,181.6,"CAMPUS",68.7666666666667
"59","X31",2014,0,0,"CAMPUS",-338.963636363636
"60","X31",2016,2,358.7,"CAMPUS",-89.8090909090909
"61","X31",2017,2,319.8,"CAMPUS",27.4181818181818
"62","X31",2018,0,0,"CAMPUS",-356.82
"63","X31",2019,1,252.6,"CAMPUS",-82.1545454545455
"64","X31",2020,0,241.2,"CAMPUS",-51.8416666666667
"65","X31",2021,0,0,"CAMPUS",-204.192307692308
"66","X31",2022,1,264,"CAMPUS",-16.9071428571428
"67","X31",2023,1,342.6,"CAMPUS",82.9071428571429
"68","X32",2013,2,319.4,"CAMPUS",206.566666666667
"69","X32",2015,1,216.9,"CAMPUS",-155.011111111111
"70","X32",2016,2,386.6,"CAMPUS",-61.9090909090909
"71","X32",2017,3,633.7,"CAMPUS",341.318181818182
"72","X32",2018,2,426.7,"CAMPUS",69.8800000000001
"73","X32",2019,2,432,"CAMPUS",97.2454545454545
"74","X32",2020,0,242.6,"CAMPUS",-50.4416666666667
"75","X32",2021,1,213.6,"CAMPUS",9.40769230769232
"76","X32",2022,1,198.5,"CAMPUS",-82.4071428571428
"77","X32",2023,2,472,"CAMPUS",212.307142857143
"78","X33",2013,0,0,"CAMPUS",-112.833333333333
"79","X33",2014,0,0,"CAMPUS",-338.963636363636
"80","X33",2015,2,369.8,"CAMPUS",-2.11111111111109
"81","X33",2016,2,395.8,"CAMPUS",-52.7090909090909
"82","X33",2017,2,306.7,"CAMPUS",14.3181818181818
"83","X33",2018,0,0,"CAMPUS",-356.82
"84","X33",2019,1,203,"CAMPUS",-131.754545454545
"85","X33",2020,0,407.3,"CAMPUS",114.258333333333
"86","X33",2021,1,279.1,"CAMPUS",74.9076923076923
"87","X33",2022,2,353,"CAMPUS",72.0928571428572
"88","X33",2023,1,258.8,"CAMPUS",-0.89285714285711
"89","X35",2014,2,471.3,"CAMPUS",132.336363636364
"90","X35",2015,2,456.4,"CAMPUS",84.4888888888889
"91","X35",2016,2,508.4,"CAMPUS",59.8909090909091
"92","X35",2017,2,390.5,"CAMPUS",98.1181818181818
"93","X35",2018,2,448.9,"CAMPUS",92.08
"94","X35",2019,2,364.5,"CAMPUS",29.7454545454545
"95","X35",2020,0,163.5,"CAMPUS",-129.541666666667
"96","X35",2021,2,308.5,"CAMPUS",104.307692307692
"97","X35",2022,2,305,"CAMPUS",24.0928571428572
"98","X35",2023,1,197,"CAMPUS",-62.6928571428571
"99","X36",2014,3,687.5,"CAMPUS",348.536363636364
"100","X36",2015,3,662.8,"CAMPUS",290.888888888889
"101","X36",2016,3,619.4,"CAMPUS",170.890909090909
"102","X36",2017,1,191.2,"CAMPUS",-101.181818181818
"103","X36",2018,1,235.6,"CAMPUS",-121.22
"104","X36",2019,2,311.3,"CAMPUS",-23.4545454545454
"105","X36",2020,0,276.5,"CAMPUS",-16.5416666666667
"106","X36",2021,1,209,"CAMPUS",4.80769230769232
"107","X36",2022,1,231.8,"CAMPUS",-49.1071428571428
"108","X36",2023,1,212.9,"CAMPUS",-46.7928571428571
"109","X38",2014,3,612.4,"CAMPUS",273.436363636364
"110","X38",2015,2,491.6,"CAMPUS",119.688888888889
"111","X38",2016,3,638.2,"CAMPUS",189.690909090909
"112","X38",2017,3,555.4,"CAMPUS",263.018181818182
"113","X38",2018,3,620.3,"CAMPUS",263.48
"114","X38",2019,2,385.5,"CAMPUS",50.7454545454545
"115","X38",2020,0,0,"CAMPUS",-293.041666666667
"116","X38",2021,2,366.9,"CAMPUS",162.707692307692
"117","X38",2022,2,435.5,"CAMPUS",154.592857142857
"118","X38",2023,0,0,"CAMPUS",-259.692857142857
"119","X39",2014,2,347.9,"CAMPUS",8.93636363636364
"120","X39",2016,3,544.4,"CAMPUS",95.8909090909091
"121","X39",2017,1,174.6,"CAMPUS",-117.781818181818
"122","X39",2018,2,428,"CAMPUS",71.18
"123","X39",2019,2,506.4,"CAMPUS",171.645454545455
"124","X39",2020,0,341.5,"CAMPUS",48.4583333333333
"125","X39",2021,0,0,"CAMPUS",-204.192307692308
"126","X39",2022,3,541.7,"CAMPUS",260.792857142857
"127","X39",2023,0,0,"CAMPUS",-259.692857142857
"128","X40",2013,0,0,"CAMPUS",-112.833333333333
"129","X40",2014,2,471.4,"CAMPUS",132.436363636364
"130","X40",2015,0,0,"CAMPUS",-371.911111111111
"131","Y01",2013,0,0,"STITHIANS",-194.304761904762
"132","Y01",2014,1,224.7,"STITHIANS",-104.639285714286
"133","Y01",2015,3,718.2,"STITHIANS",197.983870967742
"134","Y01",2016,3,661,"STITHIANS",218.887878787879
"135","Y01",2017,3,701.2,"STITHIANS",241.9
"136","Y01",2018,0,0,"STITHIANS",-394.012121212121
"137","Y01",2019,2,469.5,"STITHIANS",122.684848484848
"138","Y01",2020,0,614.4,"STITHIANS",265.970588235294
"139","Y01",2021,2,422.5,"STITHIANS",183.115151515152
"140","Y01",2022,2,462.7,"STITHIANS",152.206060606061
"141","Y01",2023,2,478.4,"STITHIANS",156.909375
"142","Y02",2013,0,0,"STITHIANS",-194.304761904762
"143","Y02",2015,3,648.4,"STITHIANS",128.183870967742
"144","Y02",2016,2,466.5,"STITHIANS",24.3878787878788
"145","Y02",2017,3,570.1,"STITHIANS",110.8
"146","Y02",2018,3,600.8,"STITHIANS",206.787878787879
"147","Y02",2019,2,488.1,"STITHIANS",141.284848484849
"148","Y02",2020,0,372.3,"STITHIANS",23.8705882352941
"149","Y02",2021,3,649.4,"STITHIANS",410.015151515152
"150","Y02",2022,0,0,"STITHIANS",-310.493939393939
"151","Y02",2023,2,484.3,"STITHIANS",162.809375
"152","Y03",2013,0,0,"STITHIANS",-194.304761904762
"153","Y03",2014,0,0,"STITHIANS",-329.339285714286
"154","Y03",2016,2,478.9,"STITHIANS",36.7878787878788
"155","Y03",2017,2,489.9,"STITHIANS",30.6
"156","Y03",2018,2,480.4,"STITHIANS",86.3878787878788
"157","Y03",2019,0,0,"STITHIANS",-346.815151515152
"158","Y03",2020,0,628.6,"STITHIANS",280.170588235294
"159","Y03",2021,2,389.4,"STITHIANS",150.015151515152
"160","Y03",2022,0,0,"STITHIANS",-310.493939393939
"161","Y03",2023,2,556.4,"STITHIANS",234.909375
"162","Y04",2014,2,508.2,"STITHIANS",178.860714285714
"163","Y04",2015,2,454.6,"STITHIANS",-65.6161290322581
"164","Y04",2016,3,586.1,"STITHIANS",143.987878787879
"165","Y04",2017,2,417.8,"STITHIANS",-41.5
"166","Y04",2018,0,0,"STITHIANS",-394.012121212121
"167","Y04",2019,1,250.1,"STITHIANS",-96.7151515151515
"168","Y04",2020,0,0,"STITHIANS",-348.429411764706
"169","Y04",2021,0,0,"STITHIANS",-239.384848484848
"170","Y04",2022,2,364.5,"STITHIANS",54.0060606060606
"171","Y04",2023,2,335.9,"STITHIANS",14.409375
"172","Y05",2013,0,0,"STITHIANS",-194.304761904762
"173","Y05",2014,3,708.2,"STITHIANS",378.860714285714
"174","Y05",2015,2,377.5,"STITHIANS",-142.716129032258
"175","Y05",2016,2,476,"STITHIANS",33.8878787878788
"176","Y05",2017,2,435,"STITHIANS",-24.3
"177","Y05",2018,2,403.6,"STITHIANS",9.58787878787882
"178","Y05",2019,2,419.8,"STITHIANS",72.9848484848484
"179","Y05",2020,0,457.2,"STITHIANS",108.770588235294
"180","Y05",2021,0,0,"STITHIANS",-239.384848484848
"181","Y05",2022,1,278.9,"STITHIANS",-31.5939393939394
"182","Y05",2023,2,364.7,"STITHIANS",43.209375
"183","Y06",2013,0,0,"STITHIANS",-194.304761904762
"184","Y06",2014,0,0,"STITHIANS",-329.339285714286
"185","Y06",2015,2,491.8,"STITHIANS",-28.4161290322581
"186","Y06",2016,3,620.1,"STITHIANS",177.987878787879
"187","Y06",2017,3,637.4,"STITHIANS",178.1
"188","Y06",2018,0,0,"STITHIANS",-394.012121212121
"189","Y06",2019,2,467.2,"STITHIANS",120.384848484849
"190","Y06",2020,0,380.2,"STITHIANS",31.7705882352941
"191","Y06",2021,0,0,"STITHIANS",-239.384848484848
"192","Y06",2022,2,549,"STITHIANS",238.506060606061
"193","Y06",2023,0,0,"STITHIANS",-321.490625
"194","Y07",2013,2,442.4,"STITHIANS",248.095238095238
"195","Y07",2014,1,270.3,"STITHIANS",-59.0392857142857
"196","Y07",2015,3,732.1,"STITHIANS",211.883870967742
"197","Y07",2016,2,485.2,"STITHIANS",43.0878787878788
"198","Y07",2017,2,457,"STITHIANS",-2.30000000000001
"199","Y07",2018,3,502.2,"STITHIANS",108.187878787879
"200","Y07",2019,1,223.8,"STITHIANS",-123.015151515152
"201","Y07",2020,0,478.1,"STITHIANS",129.670588235294
"202","Y07",2021,2,460,"STITHIANS",220.615151515152
"203","Y07",2022,0,0,"STITHIANS",-310.493939393939
"204","Y07",2023,3,561,"STITHIANS",239.509375
"205","Y07",2024,0,0,"STITHIANS",0
"206","Y08",2013,0,0,"STITHIANS",-194.304761904762
"207","Y08",2014,3,656.7,"STITHIANS",327.360714285714
"208","Y08",2015,3,687.1,"STITHIANS",166.883870967742
"209","Y08",2016,3,680,"STITHIANS",237.887878787879
"210","Y08",2017,3,649.9,"STITHIANS",190.6
"211","Y08",2018,2,455.4,"STITHIANS",61.3878787878788
"212","Y08",2019,2,392.9,"STITHIANS",46.0848484848485
"213","Y08",2020,0,445.6,"STITHIANS",97.1705882352941
"214","Y08",2021,3,591.1,"STITHIANS",351.715151515152
"215","Y08",2022,3,693.1,"STITHIANS",382.606060606061
"216","Y08",2023,3,583.3,"STITHIANS",261.809375
"217","Y09",2013,1,391.1,"STITHIANS",196.795238095238
"218","Y09",2014,3,659.2,"STITHIANS",329.860714285714
"219","Y09",2015,3,691.1,"STITHIANS",170.883870967742
"220","Y09",2016,2,426.5,"STITHIANS",-15.6121212121212
"221","Y09",2017,3,580.8,"STITHIANS",121.5
"222","Y09",2018,2,525.6,"STITHIANS",131.587878787879
"223","Y09",2019,3,692.2,"STITHIANS",345.384848484849
"224","Y09",2020,0,220.3,"STITHIANS",-128.129411764706
"225","Y09",2021,1,198.7,"STITHIANS",-40.6848484848485
"226","Y09",2022,0,0,"STITHIANS",-310.493939393939
"227","Y09",2023,0,0,"STITHIANS",-321.490625
"228","Y09",2024,0,0,"STITHIANS",0
"229","Y10",2013,3,654.1,"STITHIANS",459.795238095238
"230","Y10",2014,3,662.8,"STITHIANS",333.460714285714
"231","Y10",2015,2,400.2,"STITHIANS",-120.016129032258
"232","Y10",2016,2,467.7,"STITHIANS",25.5878787878788
"233","Y10",2017,3,651.2,"STITHIANS",191.9
"234","Y10",2018,2,416.1,"STITHIANS",22.0878787878788
"235","Y10",2019,1,206.3,"STITHIANS",-140.515151515152
"236","Y10",2020,0,545.8,"STITHIANS",197.370588235294
"237","Y10",2021,0,0,"STITHIANS",-239.384848484848
"238","Y10",2022,2,487.7,"STITHIANS",177.206060606061
"239","Y10",2023,1,260.4,"STITHIANS",-61.090625
"240","Y11",2014,0,0,"STITHIANS",-329.339285714286
"241","Y11",2015,3,775.8,"STITHIANS",255.583870967742
"242","Y11",2016,0,0,"STITHIANS",-442.112121212121
"243","Y11",2017,3,708.4,"STITHIANS",249.1
"244","Y11",2018,1,226.3,"STITHIANS",-167.712121212121
"245","Y11",2019,0,0,"STITHIANS",-346.815151515152
"246","Y11",2020,0,372.4,"STITHIANS",23.9705882352941
"247","Y11",2021,2,413,"STITHIANS",173.615151515152
"248","Y11",2022,2,437.9,"STITHIANS",127.406060606061
"249","Y11",2023,3,543.4,"STITHIANS",221.909375
"250","Y12",2014,2,512.1,"STITHIANS",182.760714285714
"251","Y12",2015,3,732.9,"STITHIANS",212.683870967742
"252","Y12",2016,2,402.4,"STITHIANS",-39.7121212121212
"253","Y12",2017,1,214.3,"PENCOOSE",-176.89756097561
"254","Y12",2018,1,246.5,"STITHIANS",-147.512121212121
"255","Y12",2019,1,269.3,"STITHIANS",-77.5151515151515
"256","Y12",2020,0,218.6,"STITHIANS",-129.829411764706
"257","Y12",2021,0,0,"STITHIANS",-239.384848484848
"258","Y12",2022,0,0,"STITHIANS",-310.493939393939
"259","Y12",2023,1,222.9,"STITHIANS",-98.590625
"260","Y13",2014,0,0,"STITHIANS",-329.339285714286
"261","Y14",2014,1,215.5,"STITHIANS",-113.839285714286
"262","Y14",2016,3,522.7,"STITHIANS",80.5878787878788
"263","Y14",2017,1,459.8,"STITHIANS",0.5
"264","Y14",2018,3,499.5,"STITHIANS",105.487878787879
"265","Y14",2019,0,467,"STITHIANS",120.184848484848
"266","Y14",2020,0,504.9,"STITHIANS",156.470588235294
"267","Y14",2021,1,224.4,"STITHIANS",-14.9848484848485
"268","Y14",2022,3,492.3,"STITHIANS",181.806060606061
"269","Y14",2023,0,0,"STITHIANS",-321.490625
"270","Y15",2013,0,0,"STITHIANS",-194.304761904762
"271","Y16",2013,0,0,"STITHIANS",-194.304761904762
"272","Y16",2015,2,438.9,"STITHIANS",-81.3161290322581
"273","Y16",2016,0,207.7,"STITHIANS",-234.412121212121
"274","Y16",2017,2,442.7,"STITHIANS",-16.6
"275","Y16",2018,2,445.8,"STITHIANS",51.7878787878788
"276","Y16",2019,2,461.5,"STITHIANS",114.684848484848
"277","Y16",2020,0,413.4,"STITHIANS",64.9705882352941
"278","Y16",2021,2,483.4,"STITHIANS",244.015151515152
"279","Y16",2022,2,447.4,"STITHIANS",136.906060606061
"280","Y16",2023,0,0,"STIHIANS",0
"281","Y17",2013,0,0,"STITHIANS",-194.304761904762
"282","Y17",2015,3,673.9,"STITHIANS",153.683870967742
"283","Y17",2016,2,429,"STITHIANS",-13.1121212121212
"284","Y17",2017,2,404.9,"STITHIANS",-54.4
"285","Y17",2018,2,371.8,"STITHIANS",-22.2121212121212
"286","Y17",2019,2,404.4,"STITHIANS",57.5848484848485
"287","Y17",2020,0,0,"STITHIANS",-348.429411764706
"288","Y17",2021,2,458.3,"STITHIANS",218.915151515152
"289","Y17",2022,0,0,"STITHIANS",-310.493939393939
"290","Y17",2023,2,491.8,"STITHIANS",170.309375
"291","Y18",2013,3,397.2,"STITHIANS",202.895238095238
"292","Y18",2014,0,0,"STITHIANS",-329.339285714286
"293","Y18",2015,0,0,"STITHIANS",-520.216129032258
"294","Y18",2016,0,0,"STITHIANS",-442.112121212121
"295","Y18",2017,2,378.9,"STITHIANS",-80.4
"296","Y18",2018,3,630.4,"STITHIANS",236.387878787879
"297","Y18",2019,2,502.8,"STITHIANS",155.984848484848
"298","Y18",2020,0,522.8,"STITHIANS",174.370588235294
"299","Y18",2021,1,213.7,"STITHIANS",-25.6848484848485
"300","Y18",2022,3,567.9,"STITHIANS",257.406060606061
"301","Y18",2023,2,388.1,"STITHIANS",66.6093750000001
"302","Y19",2013,2,479.2,"STITHIANS",284.895238095238
"303","Y19",2014,0,0,"STITHIANS",-329.339285714286
"304","Y19",2015,4,695,"STITHIANS",174.783870967742
"305","Y19",2016,3,580.3,"STITHIANS",138.187878787879
"306","Y19",2017,3,527.7,"PENCOOSE",136.50243902439
"307","Y19",2018,2,391.2,"STITHIANS",-2.81212121212121
"308","Y19",2019,0,0,"STITHIANS",-346.815151515152
"309","Y19",2020,0,604.2,"STITHIANS",255.770588235294
"310","Y19",2021,0,0,"STITHIANS",-239.384848484848
"311","Y19",2022,0,0,"STITHIANS",-310.493939393939
"312","Y19",2023,3,702.8,"STITHIANS",381.309375
"313","Y20",2013,0,0,"STITHIANS",-194.304761904762
"314","Y20",2014,3,636.4,"STITHIANS",307.060714285714
"315","Y20",2015,3,725.2,"STITHIANS",204.983870967742
"316","Y20",2016,3,644,"STITHIANS",201.887878787879
"317","Y20",2017,3,617.7,"STITHIANS",158.4
"318","Y20",2018,3,665,"STITHIANS",270.987878787879
"319","Y20",2019,0,0,"STITHIANS",-346.815151515152
"320","Y20",2020,0,0,"STITHIANS",-348.429411764706
"321","Y20",2021,0,0,"STITHIANS",-239.384848484848
"322","Y20",2022,0,0,"STITHIANS",-310.493939393939
"323","Y20",2023,1,269.9,"STITHIANS",-51.590625
"324","Y21",2013,0,0,"STITHIANS",-194.304761904762
"325","Y21",2014,2,399,"STITHIANS",69.6607142857143
"326","Y21",2015,0,0,"STITHIANS",-520.216129032258
"327","Y21",2016,0,0,"STITHIANS",-442.112121212121
"328","Y21",2017,2,506.8,"STITHIANS",47.5
"329","Y21",2018,3,689,"STITHIANS",294.987878787879
"330","Y21",2019,2,412.8,"STITHIANS",65.9848484848485
"331","Y21",2020,0,0,"STITHIANS",-348.429411764706
"332","Y21",2021,0,0,"STITHIANS",-239.384848484848
"333","Y21",2022,0,0,"STITHIANS",-310.493939393939
"334","Y21",2023,0,0,"STITHIANS",-321.490625
"335","Y22",2013,2,396.2,"STITHIANS",201.895238095238
"336","Y22",2014,0,0,"STITHIANS",-329.339285714286
"337","Y22",2015,2,472.4,"STITHIANS",-47.8161290322581
"338","Y22",2016,2,439.6,"STITHIANS",-2.5121212121212
"339","Y22",2017,0,0,"STITHIANS",-459.3
"340","Y22",2018,2,379.5,"STITHIANS",-14.5121212121212
"341","Y22",2019,2,407,"STITHIANS",60.1848484848485
"342","Y22",2020,0,307.1,"STITHIANS",-41.3294117647059
"343","Y22",2021,0,0,"STITHIANS",-239.384848484848
"344","Y22",2022,2,449.4,"STITHIANS",138.906060606061
"345","Y22",2023,3,637,"STITHIANS",315.509375
"346","Y23",2014,3,726.9,"STITHIANS",397.560714285714
"347","Y23",2015,0,0,"STITHIANS",-520.216129032258
"348","Y23",2016,3,751.7,"STITHIANS",309.587878787879
"349","Y23",2017,2,531.4,"STITHIANS",72.1
"350","Y23",2018,3,712.2,"STITHIANS",318.187878787879
"351","Y23",2019,3,658.8,"STITHIANS",311.984848484848
"352","Y23",2020,0,481.4,"STITHIANS",132.970588235294
"353","Y23",2021,2,470.5,"STITHIANS",231.115151515152
"354","Y23",2022,2,468.8,"STITHIANS",158.306060606061
"355","Y23",2023,3,649.3,"STITHIANS",327.809375
"356","Y24",2014,0,0,"STITHIANS",-329.339285714286
"357","Y24",2015,2,485.3,"STITHIANS",-34.9161290322581
"358","Y24",2016,2,467.2,"STITHIANS",25.0878787878788
"359","Y24",2017,2,379,"STITHIANS",-80.3
"360","Y24",2018,3,616.3,"STITHIANS",222.287878787879
"361","Y24",2019,2,454.4,"STITHIANS",107.584848484848
"362","Y24",2020,0,593,"STITHIANS",244.570588235294
"363","Y24",2021,0,0,"STITHIANS",-239.384848484848
"364","Y24",2022,3,633,"STITHIANS",322.506060606061
"365","Y24",2023,1,205.1,"STITHIANS",-116.390625
"366","Y25",2013,0,0,"STITHIANS",-194.304761904762
"367","Y25",2014,4,858.5,"STITHIANS",529.160714285714
"368","Y25",2015,1,247.5,"STITHIANS",-272.716129032258
"369","Y25",2016,3,603.2,"STITHIANS",161.087878787879
"370","Y25",2017,2,477.9,"STITHIANS",18.6
"371","Y25",2018,2,427.9,"STITHIANS",33.8878787878788
"372","Y25",2019,2,452.5,"STITHIANS",105.684848484848
"373","Y25",2020,0,465.3,"STITHIANS",116.870588235294
"374","Y25",2021,1,196.2,"STITHIANS",-43.1848484848485
"375","Y25",2022,2,417.1,"STITHIANS",106.606060606061
"376","Y25",2023,2,430,"STITHIANS",108.509375
"377","Y26",2014,2,350.7,"STITHIANS",21.3607142857143
"378","Y26",2015,2,449.5,"STITHIANS",-70.7161290322581
"379","Y26",2016,3,509.6,"STITHIANS",67.4878787878788
"380","Y26",2017,3,570.1,"STITHIANS",110.8
"381","Y26",2018,2,367.1,"STITHIANS",-26.9121212121212
"382","Y26",2019,2,464.3,"STITHIANS",117.484848484848
"383","Y26",2020,0,438.2,"STITHIANS",89.7705882352942
"384","Y26",2021,1,189.3,"STITHIANS",-50.0848484848485
"385","Y26",2022,3,594.2,"STITHIANS",283.706060606061
"386","Y26",2023,2,457.3,"STITHIANS",135.809375
"387","Y27",2013,0,409,"STITHIANS",214.695238095238
"388","Y27",2014,1,232.7,"STITHIANS",-96.6392857142857
"389","Y27",2015,3,626.9,"STITHIANS",106.683870967742
"390","Y27",2016,0,0,"STITHIANS",-442.112121212121
"391","Y27",2017,0,0,"STITHIANS",-459.3
"392","Y27",2018,0,0,"STITHIANS",-394.012121212121
"393","Y27",2019,0,0,"STITHIANS",-346.815151515152
"394","Y27",2020,0,530.4,"STITHIANS",181.970588235294
"395","Y27",2021,3,589.3,"STITHIANS",349.915151515151
"396","Y27",2022,2,462.9,"STITHIANS",152.406060606061
"397","Y27",2023,2,390.8,"STITHIANS",69.309375
"398","Y28",2013,2,444.8,"STITHIANS",250.495238095238
"399","Y28",2014,0,0,"STITHIANS",-329.339285714286
"400","Y28",2015,3,608.8,"STITHIANS",88.5838709677419
"401","Y28",2016,0,0,"STITHIANS",-442.112121212121
"402","Y28",2017,1,241.3,"STITHIANS",-218
"403","Y28",2018,2,447.2,"STITHIANS",53.1878787878788
"404","Y28",2019,2,408.3,"STITHIANS",61.4848484848484
"405","Y28",2020,0,0,"STITHIANS",-348.429411764706
"406","Y28",2021,2,414,"STITHIANS",174.615151515152
"407","Y28",2022,2,460.4,"STITHIANS",149.906060606061
"408","Y28",2023,0,0,"STITHIANS",-321.490625
"409","Y29",2013,2,466.4,"STITHIANS",272.095238095238
"410","Y29",2014,3,703.1,"STITHIANS",373.760714285714
"411","Y29",2015,3,635.2,"STITHIANS",114.983870967742
"412","Y29",2016,3,516.2,"STITHIANS",74.0878787878788
"413","Y29",2017,2,427,"STITHIANS",-32.3
"414","Y29",2018,0,0,"STITHIANS",-394.012121212121
"415","Y29",2019,0,0,"STITHIANS",-346.815151515152
"416","Y29",2020,0,0,"STITHIANS",-348.429411764706
"417","Y29",2021,0,0,"STITHIANS",-239.384848484848
"418","Y29",2022,0,0,"STITHIANS",-310.493939393939
"419","Y29",2023,0,0,"STITHIANS",-321.490625
"420","Y29",2024,0,0,"STITHIANS",0
"421","Y30",2014,2,414.3,"STITHIANS",84.9607142857142
"422","Y30",2015,1,358.2,"STITHIANS",-162.016129032258
"423","Y30",2016,0,536.6,"STITHIANS",94.4878787878788
"424","Y30",2017,2,461.7,"STITHIANS",2.40000000000003
"425","Y30",2018,2,551.5,"STITHIANS",157.487878787879
"426","Y30",2019,2,418.9,"STITHIANS",72.0848484848485
"427","Y30",2020,0,213.6,"STITHIANS",-134.829411764706
"428","Y30",2021,1,233.6,"STITHIANS",-5.78484848484848
"429","Y30",2022,2,446.6,"STITHIANS",136.106060606061
"430","Y30",2023,2,439.4,"STITHIANS",117.909375
"431","Y30",2024,0,0,"STITHIANS",0
"432","Y31",2014,2,482.2,"STITHIANS",152.860714285714
"433","Y31",2015,3,685.2,"STITHIANS",164.983870967742
"434","Y31",2016,2,447.7,"STITHIANS",5.58787878787882
"435","Y31",2017,2,431.8,"STITHIANS",-27.5
"436","Y31",2018,1,209.3,"STITHIANS",-184.712121212121
"437","Y31",2019,1,231,"STITHIANS",-115.815151515152
"438","Y31",2020,0,479.2,"STITHIANS",130.770588235294
"439","Y31",2021,2,472.3,"STITHIANS",232.915151515152
"440","Y31",2022,1,260.6,"STITHIANS",-49.8939393939394
"441","Y31",2023,0,0,"STITHIANS",-321.490625
"442","Y31",2024,0,0,"STITHIANS",0
"443","Y32",2015,3,714.7,"STITHIANS",194.483870967742
"444","Y32",2016,2,472.9,"STITHIANS",30.7878787878788
"445","Y32",2017,2,419.5,"STITHIANS",-39.8
"446","Y32",2018,2,447.9,"STITHIANS",53.8878787878788
"447","Y32",2019,3,568.3,"STITHIANS",221.484848484848
"448","Y32",2020,0,416.8,"STITHIANS",68.3705882352941
"449","Y32",2021,2,424.5,"STITHIANS",185.115151515152
"450","Y32",2022,3,581.9,"STITHIANS",271.406060606061
"451","Y32",2023,1,216.3,"STITHIANS",-105.190625
"452","Y33",2015,2,482.6,"STITHIANS",-37.6161290322581
"453","Y33",2016,3,669.3,"STITHIANS",227.187878787879
"454","Y33",2017,1,264.5,"STITHIANS",-194.8
"455","Y33",2018,2,456.4,"STITHIANS",62.3878787878788
"456","Y33",2019,2,446.5,"STITHIANS",99.6848484848485
"457","Y33",2020,0,381.7,"STITHIANS",33.2705882352942
"458","Y33",2021,1,206.1,"STITHIANS",-33.2848484848485
"459","Y33",2022,2,443.6,"STITHIANS",133.106060606061
"460","Y33",2023,2,388.9,"STITHIANS",67.409375
"461","Y34",2014,0,0,"STITHIANS",-329.339285714286
"462","Y34",2015,1,226.7,"STITHIANS",-293.516129032258
"463","Y34",2016,2,441.9,"STITHIANS",-0.212121212121247
"464","Y34",2017,2,445.8,"STITHIANS",-13.5
"465","Y34",2018,1,259.3,"STITHIANS",-134.712121212121
"466","Y34",2019,2,412.8,"STITHIANS",65.9848484848484
"467","Y34",2020,0,379,"STITHIANS",30.5705882352941
"468","Y34",2021,0,0,"STITHIANS",-239.384848484848
"469","Y34",2022,1,246.4,"STITHIANS",-64.0939393939394
"470","Y34",2023,0,0,"STITHIANS",-321.490625
"471","Y35",2015,4,891,"STITHIANS",370.783870967742
"472","Y35",2016,3,599.7,"STITHIANS",157.587878787879
"473","Y35",2017,2,478.8,"STITHIANS",19.5
"474","Y35",2018,3,578.2,"STITHIANS",184.187878787879
"475","Y35",2019,2,394.4,"STITHIANS",47.5848484848485
"476","Y35",2020,0,382.1,"STITHIANS",33.6705882352941
"477","Y35",2021,0,200,"STITHIANS",-39.3848484848485
"478","Y35",2022,0,0,"STITHIANS",-310.493939393939
"479","Y35",2023,1,230.3,"STITHIANS",-91.190625
"480","Z02",2015,3,658.6,"PENCOOSE",173.757096774194
"481","Z02",2016,0,0,"PENCOOSE",-443.935135135135
"482","Z02",2017,0,0,"PENCOOSE",-391.19756097561
"483","Z02",2018,0,0,"PENCOOSE",-421.120512820513
"484","Z02",2019,0,0,"PENCOOSE",-335.866666666667
"485","Z02",2020,0,0,"STITHIANS",-348.429411764706
"486","Z02",2021,0,0,"PENCOOSE",-302.961538461538
"487","Z02",2022,2,415.8,"PENCOOSE",73.4410256410256
"488","Z02",2023,0,0,"PENCOOSE",-365.82972972973
"489","Z03",2015,3,649,"PENCOOSE",164.157096774194
"490","Z03",2016,3,582.6,"PENCOOSE",138.664864864865
"491","Z03",2017,2,439.3,"PENCOOSE",48.1024390243903
"492","Z03",2018,2,492.1,"PENCOOSE",70.9794871794872
"493","Z03",2019,2,447.6,"PENCOOSE",111.733333333333
"494","Z03",2020,0,242.6,"PENCOOSE",-181.765789473684
"495","Z03",2021,1,235,"PENCOOSE",-67.9615384615385
"496","Z03",2022,2,437.7,"PENCOOSE",95.3410256410256
"497","Z03",2023,3,639,"PENCOOSE",273.17027027027
"498","Z03",2024,0,0,"PENCOOSE",0
"499","Z05",2015,3,680.53,"PENCOOSE",195.687096774194
"500","Z05",2016,3,685.2,"PENCOOSE",241.264864864865
"501","Z05",2017,1,281.4,"PENCOOSE",-109.79756097561
"502","Z05",2018,2,475,"PENCOOSE",53.8794871794872
"503","Z05",2019,1,226.5,"PENCOOSE",-109.366666666667
"504","Z05",2020,0,460.2,"PENCOOSE",35.8342105263158
"505","Z05",2021,0,0,"PENCOOSE",-302.961538461538
"506","Z05",2022,2,494.7,"PENCOOSE",152.341025641026
"507","Z05",2023,2,456.6,"PENCOOSE",90.7702702702703
"508","Z06",2013,2,438.2,"PENCOOSE",19
"509","Z06",2014,3,604,"PENCOOSE",224.035294117647
"510","Z06",2015,3,669.6,"PENCOOSE",184.757096774194
"511","Z06",2016,3,717.4,"PENCOOSE",273.464864864865
"512","Z06",2017,3,589,"PENCOOSE",197.80243902439
"513","Z06",2018,3,589.4,"PENCOOSE",168.279487179487
"514","Z06",2019,3,478.3,"PENCOOSE",142.433333333333
"515","Z06",2020,0,458.1,"PENCOOSE",33.7342105263158
"516","Z06",2021,1,220,"PENCOOSE",-82.9615384615385
"517","Z06",2022,0,0,"PENCOOSE",-342.358974358974
"518","Z06",2023,0,0,"PENCOOSE",-365.82972972973
"519","Z06",2024,0,0,"PENCOOSE",0
"520","Z07",2014,1,279.5,"PENCOOSE",-100.464705882353
"521","Z07",2015,4,904.5,"PENCOOSE",419.657096774194
"522","Z07",2016,3,719,"PENCOOSE",275.064864864865
"523","Z07",2017,0,0,"PENCOOSE",-391.19756097561
"524","Z07",2018,0,0,"PENCOOSE",-421.120512820513
"525","Z07",2019,0,0,"PENCOOSE",-335.866666666667
"526","Z07",2020,0,0,"PENCOOSE",-424.365789473684
"527","Z07",2021,0,0,"PENCOOSE",-302.961538461538
"528","Z07",2022,0,0,"PENCOOSE",-342.358974358974
"529","Z07",2023,0,0,"PENCOOSE",-365.82972972973
"530","Z08",2015,0,0,"PENCOOSE",-484.842903225806
"531","Z08",2016,0,406.6,"PENCOOSE",-37.3351351351351
"532","Z08",2017,2,509.3,"PENCOOSE",118.10243902439
"533","Z08",2018,3,599.5,"PENCOOSE",178.379487179487
"534","Z08",2019,1,233.9,"PENCOOSE",-101.966666666667
"535","Z08",2020,0,0,"PENCOOSE",-424.365789473684
"536","Z08",2021,1,220.1,"PENCOOSE",-82.8615384615385
"537","Z08",2022,2,491.5,"PENCOOSE",149.141025641026
"538","Z08",2023,0,0,"PENCOOSE",-365.82972972973
"539","Z08",2024,0,0,"PENCOOSE",0
"540","Z09",2022,2,463,"PENCOOSE",120.641025641026
"541","Z10",2014,3,567.9,"PENCOOSE",187.935294117647
"542","Z10",2016,3,657.1,"PENCOOSE",213.164864864865
"543","Z10",2017,3,654.1,"PENCOOSE",262.90243902439
"544","Z10",2018,2,510.1,"PENCOOSE",88.9794871794872
"545","Z10",2019,2,435.8,"PENCOOSE",99.9333333333333
"546","Z10",2020,0,461.5,"PENCOOSE",37.1342105263158
"547","Z10",2021,2,471.2,"PENCOOSE",168.238461538462
"548","Z10",2022,2,490.3,"PENCOOSE",147.941025641026
"549","Z10",2023,1,440.3,"PENCOOSE",74.4702702702703
"550","Z11",2013,0,0,"PENCOOSE",-419.2
"551","Z11",2015,0,0,"PENCOOSE",-484.842903225806
"552","Z11",2016,3,613.2,"PENCOOSE",169.264864864865
"553","Z11",2017,2,485.1,"PENCOOSE",93.9024390243903
"554","Z11",2018,1,229.9,"PENCOOSE",-191.220512820513
"555","Z11",2019,0,0,"PENCOOSE",-335.866666666667
"556","Z11",2020,0,591.4,"PENCOOSE",167.034210526316
"557","Z11",2021,3,605.3,"PENCOOSE",302.338461538462
"558","Z11",2022,3,575.8,"PENCOOSE",233.441025641026
"559","Z11",2023,3,569.2,"PENCOOSE",203.37027027027
"560","Z13",2014,0,0,"PENCOOSE",-379.964705882353
"561","Z13",2015,2,535,"PENCOOSE",50.1570967741936
"562","Z13",2016,2,494.3,"PENCOOSE",50.3648648648648
"563","Z13",2017,1,239,"PENCOOSE",-152.19756097561
"564","Z13",2018,3,687.8,"PENCOOSE",266.679487179487
"565","Z13",2019,3,602.3,"PENCOOSE",266.433333333333
"566","Z13",2020,0,653.2,"PENCOOSE",228.834210526316
"567","Z13",2021,0,0,"PENCOOSE",-302.961538461538
"568","Z13",2022,2,480.8,"PENCOOSE",138.441025641026
"569","Z13",2023,1,172.5,"PENCOOSE",-193.32972972973
"570","Z14",2013,3,574.6,"PENCOOSE",155.4
"571","Z14",2014,3,671.2,"PENCOOSE",291.235294117647
"572","Z14",2015,3,685.5,"PENCOOSE",200.657096774194
"573","Z14",2016,3,733,"PENCOOSE",289.064864864865
"574","Z14",2017,3,694.9,"PENCOOSE",303.70243902439
"575","Z14",2018,2,481.5,"PENCOOSE",60.3794871794872
"576","Z14",2019,2,421.8,"PENCOOSE",85.9333333333333
"577","Z14",2020,0,544.6,"PENCOOSE",120.234210526316
"578","Z14",2021,1,223.6,"PENCOOSE",-79.3615384615385
"579","Z14",2022,3,696.7,"PENCOOSE",354.341025641026
"580","Z14",2023,2,410.6,"PENCOOSE",44.7702702702703
"581","Z14",2024,0,0,"PENCOOSE",0
"582","Z15",2013,2,401.8,"PENCOOSE",-17.4
"583","Z15",2014,3,767.8,"PENCOOSE",387.835294117647
"584","Z15",2015,3,713.5,"PENCOOSE",228.657096774194
"585","Z15",2016,3,736.8,"PENCOOSE",292.864864864865
"586","Z15",2017,2,450.9,"PENCOOSE",59.7024390243902
"587","Z15",2018,2,418.1,"PENCOOSE",-3.02051282051281
"588","Z15",2019,1,232.6,"PENCOOSE",-103.266666666667
"589","Z15",2020,0,555,"PENCOOSE",130.634210526316
"590","Z15",2021,2,475.7,"PENCOOSE",172.738461538462
"591","Z15",2022,0,0,"PENCOOSE",-342.358974358974
"592","Z15",2023,2,361,"PENCOOSE",-4.82972972972971
"593","Z16",2015,2,474.9,"PENCOOSE",-9.94290322580645
"594","Z16",2016,2,467.8,"PENCOOSE",23.8648648648648
"595","Z16",2017,2,467.4,"PENCOOSE",76.2024390243902
"596","Z16",2018,1,224.4,"PENCOOSE",-196.720512820513
"597","Z16",2019,2,382,"PENCOOSE",46.1333333333333
"598","Z16",2020,0,401.2,"PENCOOSE",-23.1657894736842
"599","Z16",2021,2,480.7,"PENCOOSE",177.738461538462
"600","Z16",2022,2,439.7,"PENCOOSE",97.3410256410256
"601","Z16",2023,2,369.9,"PENCOOSE",4.07027027027027
"602","Z16",2024,0,0,"PENCOOSE",0
"603","Z17",2015,2,413.9,"PENCOOSE",-70.9429032258064
"604","Z17",2016,2,433.1,"PENCOOSE",-10.8351351351351
"605","Z17",2017,3,730.3,"PENCOOSE",339.10243902439
"606","Z17",2018,3,662.9,"PENCOOSE",241.779487179487
"607","Z17",2019,2,435.1,"PENCOOSE",99.2333333333333
"608","Z17",2020,0,680.6,"PENCOOSE",256.234210526316
"609","Z17",2021,2,485,"PENCOOSE",182.038461538462
"610","Z17",2022,0,0,"PENCOOSE",-342.358974358974
"611","Z17",2023,2,468.3,"PENCOOSE",102.47027027027
"612","Z18",2015,2,448.8,"PENCOOSE",-36.0429032258064
"613","Z18",2016,3,569,"PENCOOSE",125.064864864865
"614","Z18",2017,1,214.5,"PENCOOSE",-176.69756097561
"615","Z18",2018,2,463.8,"PENCOOSE",42.6794871794872
"616","Z18",2019,3,645.2,"PENCOOSE",309.333333333333
"617","Z18",2020,0,164.6,"PENCOOSE",-259.765789473684
"618","Z18",2021,2,403.7,"PENCOOSE",100.738461538462
"619","Z18",2022,0,201.5,"PENCOOSE",-140.858974358974
"620","Z18",2023,0,162.8,"PENCOOSE",-203.02972972973
"621","Z18",2024,0,0,"PENCOOSE",0
"622","Z19",2013,1,234.5,"PENCOOSE",-184.7
"623","Z19",2014,2,493.5,"PENCOOSE",113.535294117647
"624","Z19",2015,1,177.4,"PENCOOSE",-307.442903225806
"625","Z19",2017,2,462.6,"PENCOOSE",71.4024390243903
"626","Z19",2018,2,438.1,"PENCOOSE",16.9794871794872
"627","Z19",2019,3,521.8,"PENCOOSE",185.933333333333
"628","Z19",2020,0,613.3,"PENCOOSE",188.934210526316
"629","Z19",2021,0,0,"PENCOOSE",-302.961538461538
"630","Z19",2022,0,0,"PENCOOSE",-342.358974358974
"631","Z19",2023,4,779,"PENCOOSE",413.17027027027
"632","Z20",2013,2,439.9,"PENCOOSE",20.7
"633","Z20",2015,2,406.3,"PENCOOSE",-78.5429032258064
"634","Z20",2016,1,235.2,"PENCOOSE",-208.735135135135
"635","Z20",2017,2,496.5,"PENCOOSE",105.30243902439
"636","Z20",2018,1,186,"PENCOOSE",-235.120512820513
"637","Z20",2019,2,376.1,"PENCOOSE",40.2333333333333
"638","Z20",2020,0,398.4,"PENCOOSE",-25.9657894736843
"639","Z20",2021,2,449.2,"PENCOOSE",146.238461538462
"640","Z20",2022,2,384.1,"PENCOOSE",41.7410256410257
"641","Z20",2023,2,379.8,"PENCOOSE",13.9702702702702
"642","Z21",2016,0,0,"PENCOOSE",-443.935135135135
"643","Z21",2017,0,0,"PENCOOSE",-391.19756097561
"644","Z21",2018,1,301.4,"PENCOOSE",-119.720512820513
"645","Z21",2019,0,0,"PENCOOSE",-335.866666666667
"646","Z21",2020,0,159.8,"PENCOOSE",-264.565789473684
"647","Z21",2021,1,208.9,"PENCOOSE",-94.0615384615384
"648","Z21",2022,2,409.7,"PENCOOSE",67.3410256410257
"649","Z21",2023,2,355.7,"PENCOOSE",-10.1297297297297
"650","Z22",2014,2,447,"PENCOOSE",67.0352941176471
"651","Z22",2015,0,0,"PENCOOSE",-484.842903225806
"652","Z22",2016,3,684.9,"PENCOOSE",240.964864864865
"653","Z22",2017,1,259.8,"PENCOOSE",-131.39756097561
"654","Z22",2018,3,771.2,"PENCOOSE",350.079487179487
"655","Z22",2019,3,677.7,"PENCOOSE",341.833333333333
"656","Z22",2020,0,630.6,"PENCOOSE",206.234210526316
"657","Z22",2021,2,490.7,"PENCOOSE",187.738461538462
"658","Z22",2022,0,0,"PENCOOSE",-342.358974358974
"659","Z22",2023,2,481.5,"PENCOOSE",115.67027027027
"660","Z22",2024,0,0,"PENCOOSE",0
"661","Z23",2014,2,465.8,"PENCOOSE",85.835294117647
"662","Z23",2015,2,477.6,"PENCOOSE",-7.2429032258064
"663","Z23",2016,3,723.4,"PENCOOSE",279.464864864865
"664","Z23",2017,2,474,"PENCOOSE",82.8024390243903
"665","Z23",2018,3,709.8,"PENCOOSE",288.679487179487
"666","Z23",2019,2,479.5,"PENCOOSE",143.633333333333
"667","Z23",2020,0,262.7,"PENCOOSE",-161.665789473684
"668","Z23",2021,2,601.6,"PENCOOSE",298.638461538462
"669","Z23",2022,3,672.3,"PENCOOSE",329.941025641026
"670","Z23",2023,2,356.5,"PENCOSE",0
"671","Z24",2013,3,656.9,"PENCOOSE",237.7
"672","Z24",2014,2,469.7,"PENCOOSE",89.7352941176471
"673","Z24",2015,3,751.9,"PENCOOSE",267.057096774194
"674","Z24",2016,4,956.1,"PENCOOSE",512.164864864865
"675","Z24",2017,3,722.6,"PENCOOSE",331.40243902439
"676","Z24",2018,2,487.2,"PENCOOSE",66.0794871794872
"677","Z24",2019,3,703.6,"PENCOOSE",367.733333333333
"678","Z24",2020,0,682.2,"PENCOOSE",257.834210526316
"679","Z24",2021,2,469,"PENCOOSE",166.038461538462
"680","Z24",2022,3,635.6,"PENCOOSE",293.241025641026
"681","Z24",2023,2,397.6,"PENCOOSE",31.7702702702703
"682","Z25",2014,0,0,"PENCOOSE",-379.964705882353
"683","Z25",2015,2,412.1,"PENCOOSE",-72.7429032258064
"684","Z25",2016,2,420.6,"PENCOOSE",-23.3351351351351
"685","Z25",2017,3,518,"PENCOOSE",126.80243902439
"686","Z25",2018,3,519.1,"PENCOOSE",97.9794871794872
"687","Z25",2019,2,320.8,"PENCOOSE",-15.0666666666667
"688","Z25",2020,0,433.1,"PENCOOSE",8.73421052631579
"689","Z25",2021,2,332.4,"PENCOOSE",29.4384615384615
"690","Z25",2022,2,543.2,"PENCOOSE",200.841025641026
"691","Z25",2023,0,0,"PENCOOSE",-365.82972972973
"692","Z26",2015,3,731.2,"PENCOOSE",246.357096774194
"693","Z26",2016,3,803.7,"PENCOOSE",359.764864864865
"694","Z26",2017,2,495.9,"PENCOOSE",104.70243902439
"695","Z26",2018,3,762.2,"PENCOOSE",341.079487179487
"696","Z26",2019,1,233.7,"PENCOOSE",-102.166666666667
"697","Z26",2020,0,0,"PENCOOSE",-424.365789473684
"698","Z26",2021,2,433.4,"PENCOOSE",130.438461538462
"699","Z26",2022,3,524.8,"PENCOOSE",182.441025641026
"700","Z26",2023,3,558.3,"PENCOOSE",192.47027027027
"701","Z27",2014,0,0,"PENCOOSE",-379.964705882353
"702","Z27",2015,3,651.5,"PENCOOSE",166.657096774194
"703","Z27",2016,1,264,"PENCOOSE",-179.935135135135
"704","Z27",2017,1,265.1,"PENCOOSE",-126.09756097561
"705","Z27",2018,2,592.3,"PENCOOSE",171.179487179487
"706","Z27",2019,3,572.2,"PENCOOSE",236.333333333333
"707","Z27",2020,0,449.5,"PENCOOSE",25.1342105263158
"708","Z27",2021,2,421.6,"PENCOOSE",118.638461538462
"709","Z27",2022,2,425.4,"PENCOOSE",83.0410256410256
"710","Z27",2023,2,459,"PENCOOSE",93.1702702702703
"711","Z28",2013,2,395.3,"PENCOOSE",-23.9
"712","Z28",2014,4,806.4,"PENCOOSE",426.435294117647
"713","Z28",2015,3,808.8,"PENCOOSE",323.957096774194
"714","Z28",2016,3,695.3,"PENCOOSE",251.364864864865
"715","Z28",2017,3,654.6,"PENCOOSE",263.40243902439
"716","Z28",2018,3,661.4,"PENCOOSE",240.279487179487
"717","Z28",2019,0,365.2,"PENCOOSE",29.3333333333334
"718","Z28",2020,0,413.4,"PENCOOSE",-10.9657894736843
"719","Z28",2021,1,203.8,"PENCOOSE",-99.1615384615384
"720","Z28",2022,0,0,"PENCOOSE",-342.358974358974
"721","Z28",2023,3,554.5,"PENCOOSE",188.67027027027
"722","Z29",2015,1,407.6,"PENCOOSE",-77.2429032258064
"723","Z29",2016,0,0,"PENCOOSE",-443.935135135135
"724","Z29",2017,2,502.4,"PENCOOSE",111.20243902439
"725","Z29",2018,2,413.7,"PENCOOSE",-7.42051282051278
"726","Z29",2019,3,608.2,"PENCOOSE",272.333333333333
"727","Z29",2020,0,671.5,"PENCOOSE",247.134210526316
"728","Z29",2021,3,664.9,"PENCOOSE",361.938461538462
"729","Z29",2022,3,507.2,"PENCOOSE",164.841025641026
"730","Z29",2023,2,426,"PENCOOSE",60.1702702702703
"731","Z30",2013,3,631.6,"PENCOOSE",212.4
"732","Z30",2014,1,185.9,"PENCOOSE",-194.064705882353
"733","Z30",2015,3,623.5,"PENCOOSE",138.657096774194
"734","Z30",2016,0,0,"PENCOOSE",-443.935135135135
"735","Z30",2017,2,434.9,"PENCOOSE",43.7024390243902
"736","Z30",2018,0,0,"PENCOOSE",-421.120512820513
"737","Z30",2019,0,0,"PENCOOSE",-335.866666666667
"738","Z30",2020,0,462,"PENCOOSE",37.6342105263158
"739","Z30",2021,2,447.8,"PENCOOSE",144.838461538462
"740","Z30",2022,2,460.1,"PENCOOSE",117.741025641026
"741","Z30",2023,2,470.8,"PENCOOSE",104.97027027027
"742","Z31",2014,0,0,"PENCOOSE",-379.964705882353
"743","Z31",2016,2,419.9,"PENCOOSE",-24.0351351351352
"744","Z31",2017,2,436.4,"PENCOOSE",45.2024390243902
"745","Z31",2018,2,445.1,"PENCOOSE",23.9794871794872
"746","Z31",2019,1,166.5,"PENCOOSE",-169.366666666667
"747","Z31",2020,0,235.8,"PENCOOSE",-188.565789473684
"748","Z31",2021,1,219.1,"PENCOOSE",-83.8615384615385
"749","Z31",2022,0,0,"PENCOOSE",-342.358974358974
"750","Z31",2023,2,439.1,"PENCOOSE",73.2702702702703
"751","Z31",2024,0,0,"PENCOOSE",0
"752","Z32",2014,1,218.7,"PENCOOSE",-161.264705882353
"753","Z32",2016,0,139.2,"PENCOOSE",-304.735135135135
"754","Z32",2017,3,587.8,"PENCOOSE",196.60243902439
"755","Z32",2018,1,197.2,"PENCOOSE",-223.920512820513
"756","Z32",2019,1,339.4,"PENCOOSE",3.5333333333333
"757","Z32",2020,0,202.1,"PENCOOSE",-222.265789473684
"758","Z32",2021,0,0,"PENCOOSE",-302.961538461538
"759","Z32",2022,0,0,"PENCOOSE",-342.358974358974
"760","Z32",2023,2,443.6,"PENCOOSE",77.7702702702703
"761","Z32",2024,0,0,"PENCOOSE",0
"762","Z33",2015,2,433.9,"PENCOOSE",-50.9429032258064
"763","Z33",2016,1,211.2,"PENCOOSE",-232.735135135135
"764","Z33",2017,1,215.1,"PENCOOSE",-176.09756097561
"765","Z33",2018,1,223.9,"PENCOOSE",-197.220512820513
"766","Z33",2019,2,421.9,"PENCOOSE",86.0333333333333
"767","Z33",2020,0,225.7,"PENCOOSE",-198.665789473684
"768","Z33",2021,1,199.9,"PENCOOSE",-103.061538461538
"769","Z33",2022,1,332.3,"PENCOOSE",-10.0589743589744
"770","Z33",2023,2,369.9,"PENCOOSE",4.07027027027027
"771","Z33",2024,0,0,"PENCOOSE",0
"772","Z34",2014,2,482,"PENCOOSE",102.035294117647
"773","Z35",2017,1,253.2,"PENCOOSE",-137.99756097561
"774","Z35",2018,3,570,"PENCOOSE",148.879487179487
"775","Z35",2019,0,0,"PENCOOSE",-335.866666666667
"776","Z35",2020,0,502,"PENCOOSE",77.6342105263158
"777","Z35",2021,0,0,"PENCOOSE",-302.961538461538
"778","Z35",2022,2,498,"PENCOOSE",155.641025641026
"779","Z35",2023,3,605.1,"PENCOOSE",239.27027027027
"780","Z37",2015,2,461.9,"PENCOOSE",-22.9429032258064
"781","Z37",2016,3,621.1,"PENCOOSE",177.164864864865
"782","Z37",2017,3,613.6,"PENCOOSE",222.40243902439
"783","Z37",2018,0,0,"PENCOOSE",-421.120512820513
"784","Z37",2019,0,0,"PENCOOSE",-335.866666666667
"785","Z37",2020,0,595.4,"PENCOOSE",171.034210526316
"786","Z37",2021,0,0,"PENCOOSE",-302.961538461538
"787","Z38",2015,2,365,"PENCOOSE",-119.842903225806
"788","Z38",2016,1,151.2,"PENCOOSE",-292.735135135135
"789","Z38",2017,1,222.6,"PENCOOSE",-168.59756097561
"790","Z38",2018,2,401,"PENCOOSE",-20.1205128205128
"791","Z38",2019,2,533.8,"PENCOOSE",197.933333333333
"792","Z38",2020,0,412.7,"PENCOOSE",-11.6657894736842
"793","Z38",2021,2,457.6,"PENCOOSE",154.638461538462
"794","Z38",2022,2,435.4,"PENCOOSE",93.0410256410256
"795","Z38",2023,3,611,"PENCOOSE",245.17027027027
"796","Z39",2016,4,832.2,"PENCOOSE",388.264864864865
"797","Z39",2017,2,534.9,"PENCOOSE",143.70243902439
"798","Z39",2018,2,537.5,"PENCOOSE",116.379487179487
"799","Z39",2019,0,230.2,"PENCOOSE",-105.666666666667
"800","Z39",2020,0,625.6,"PENCOOSE",201.234210526316
"801","Z39",2021,1,220.5,"PENCOOSE",-82.4615384615385
"802","Z39",2022,2,477,"PENCOOSE",134.641025641026
"803","Z39",2023,3,625,"PENCOOSE",259.17027027027
"804","Z39",2024,0,0,"PENCOOSE",0
"805","Z40",2016,0,0,"PENCOOSE",-443.935135135135
"806","Z40",2017,2,484.2,"PENCOOSE",93.0024390243903
"807","Z40",2018,2,433.7,"PENCOOSE",12.5794871794872
"808","Z40",2019,3,570.8,"PENCOOSE",234.933333333333
"809","Z40",2020,0,461,"PENCOOSE",36.6342105263158
"810","Z40",2021,2,422.7,"PENCOOSE",119.738461538462
"811","Z40",2022,3,631.6,"PENCOOSE",289.241025641026
"812","Z40",2023,3,443.3,"PENCOOSE",77.4702702702702
"813","Z40",2024,0,0,"PENCOOSE",0
"814","Z41",2015,2,421.9,"PENCOOSE",-62.9429032258064
"815","Z41",2016,2,453.2,"PENCOOSE",9.26486486486482
"816","Z41",2017,1,228.3,"PENCOOSE",-162.89756097561
"817","Z41",2018,3,572.7,"PENCOOSE",151.579487179487
"818","Z41",2019,0,0,"PENCOOSE",-335.866666666667
"819","Z41",2020,0,444.1,"PENCOOSE",19.7342105263158
"820","Z41",2021,2,448.7,"PENCOOSE",145.738461538462
"821","Z41",2022,0,0,"PENCOOSE",-342.358974358974
"822","Z41",2023,1,217.8,"PENCOOSE",-148.02972972973
"823","Z42",2016,1,237.1,"PENCOOSE",-206.835135135135
"824","Z42",2017,1,223,"PENCOOSE",-168.19756097561
"825","Z42",2018,2,498.5,"PENCOOSE",77.3794871794872
"826","Z42",2019,1,217.4,"PENCOOSE",-118.466666666667
"827","Z42",2020,0,457.9,"PENCOOSE",33.5342105263157
"828","Z42",2021,1,210.2,"PENCOOSE",-92.7615384615385
"829","Z42",2022,1,218.5,"PENCOOSE",-123.858974358974
"830","Z42",2023,1,240.7,"PENCOOSE",-125.12972972973
"831","Z43",2015,2,472.9,"PENCOOSE",-11.9429032258064
"832","Z43",2016,1,241.3,"PENCOOSE",-202.635135135135
"833","Z43",2017,0,0,"PENCOOSE",-391.19756097561
"834","Z43",2018,2,450.6,"PENCOOSE",29.4794871794872
"835","Z43",2019,2,410.2,"PENCOOSE",74.3333333333334
"836","Z43",2020,0,504.5,"PENCOOSE",80.1342105263158
"837","Z43",2021,1,260.4,"PENCOOSE",-42.5615384615385
"838","Z43",2022,1,266.3,"PENCOOSE",-76.0589743589744
"839","Z43",2023,0,0,"PENCOOSE",-365.82972972973
"840","Z44",2015,2,355.4,"PENCOOSE",-129.442903225806
"841","Z44",2016,1,237.7,"PENCOOSE",-206.235135135135
"842","Z44",2017,0,0,"PENCOOSE",-391.19756097561
"843","Z44",2018,0,0,"PENCOOSE",-421.120512820513
"844","Z44",2019,2,396,"PENCOOSE",60.1333333333333
"845","Z44",2020,0,378.4,"PENCOOSE",-45.9657894736843
"846","Z44",2021,1,195.3,"PENCOOSE",-107.661538461538
"847","Z44",2022,0,0,"PENCOOSE",-342.358974358974
"848","Z44",2023,0,0,"PENCOOSE",-365.82972972973
"849","Z45",2015,1,237.4,"PENCOOSE",-247.442903225806
"850","Z45",2016,1,283.2,"PENCOOSE",-160.735135135135
"851","Z45",2017,2,456.4,"PENCOOSE",65.2024390243902
"852","Z45",2018,2,416.6,"PENCOOSE",-4.52051282051281
"853","Z45",2019,2,412.7,"PENCOOSE",76.8333333333333
"854","Z45",2020,0,691.2,"PENCOOSE",266.834210526316
"855","Z45",2021,3,637.5,"PENCOOSE",334.538461538462
"856","Z45",2022,2,743,"PENCOOSE",400.641025641026
"857","Z45",2023,3,627.8,"PENCOOSE",261.97027027027
"858","Z46",2024,0,0,"PENCOOSE",0
